{
    "name": "rfr2TAS",
    "r2_score": 0.8244484681841282,
    "rmse": 3.478534601987437,
    "mse": 19.85217246208823,
    "mae": 2.7261028527215947,
    "median_absolute_error": 2.3228617548987587,
    "data_by_crops": [{
        "name": "Wheat",
        "data": {
            "year": [2003, 2004, 2005, 2006, 2007, 2008, 2009, 2010, 2011, 2012, 2013, 2014, 2015, 2016, 2017, 2018, 2019],
            "production": [26.1, 30.5, 34.0, 17.7, 26.8, 34.9, 27.3, 31.9, 32.251999999999995, 30.44, 43.483999999999995, 44.236999999999995, 53.361000000000004, 55.78, 40.289, 47.5, 51.5],
            "yield": [3.389610389610389, 4.121621621621621, 4.30379746835443, 2.458333333333333, 3.774647887323944, 4.058139534883721, 3.7916666666666665, 3.938271604938272, 4.874112135408794, 5.0818030050083465, 5.31849315068493, 5.313115541676675, 5.060312944523472, 5.413957099873824, 5.475536830660506, 5.277777777777779, 5.15]
        },
        "prediction": {
            "year": [2017, 2018, 2019],
            "production": [35.862189073593264, 43.40589977025936, 43.513110479047526],
            "yield": [4.29533664483244, 4.813019323454837, 4.745527446666885]
        }
    }, {
        "name": "Canola",
        "data": {
            "year": [2003, 2004, 2005, 2006, 2007, 2008, 2009, 2010, 2011, 2012, 2013, 2014, 2015, 2016, 2017, 2018, 2019],
            "production": [0.201, 1.1740000000000002, 1.359, 0.44299999999999995, 1.149, 2.063, 2.197, 1.065, 0.784, 0.851, 2.543, 1.821, 1.983, 2.852, 3.5189999999999997, 2.6, 2.6],
            "yield": [1.4888888888888892, 1.9404958677685955, 1.5235426008968609, 0.4966367713004484, 1.4220297029702968, 1.2412755716004815, 1.7547923322683707, 1.5, 1.0980392156862744, 1.5305755395683451, 2.0442122186495184, 1.6115044247787609, 2.017293997965412, 2.1671732522796354, 2.5611353711790388, 1.7333333333333334, 2.08]
        },
        "prediction": {
            "year": [2016, 2017, 2018, 2019],
            "production": [4.702057673968256, 1.9417604596825404, 2.239294976031754, 1.8665017744444536],
            "yield": [1.6155499722227578, 1.56937124857721, 1.6486566968515801, 1.6105606988499457]
        }
    }, {
        "name": "Barley",
        "data": {
            "year": [2003, 2004, 2005, 2006, 2007, 2008, 2009, 2010, 2011, 2012, 2013, 2014, 2015, 2016, 2017, 2018, 2019],
            "production": [28.038, 27.801, 28.232, 16.168, 22.006, 28.511999999999997, 28.764, 39.06, 23.115, 16.512999999999998, 25.375, 16.942, 16.453, 33.43, 16.319000000000006, 34.0, 36.5],
            "yield": [3.017759121730707, 3.669130262636927, 3.3308164228409622, 2.1661307609860665, 2.8369214902668567, 2.694132098648776, 3.252742282030985, 3.587106254017816, 3.5748530776368685, 3.2422933438052226, 4.2532685216225286, 3.235058239450067, 2.9522698726000365, 4.118009361911801, 3.5850175746924435, 3.7777777777777777, 3.65]
        },
        "prediction": {
            "year": [2016, 2017, 2018, 2019],
            "production": [48.06278070587305, 20.09643038190445, 41.98206378406905, 42.21116459999984],
            "yield": [4.7008971885015285, 3.2321604171349967, 4.614602201933924, 4.572018205041382]
        }
    }]
}