{
    "name": "rfr2VIC",
    "r2_score": 0.5480570881714484,
    "rmse": 148.34422016524178,
    "mse": 43910.79728710683,
    "mae": 113.33084866265922,
    "median_absolute_error": 73.01045506505932,
    "data_by_crops": [{
        "name": "Wheat",
        "data": {
            "year": [2003, 2004, 2005, 2006, 2007, 2008, 2009, 2010, 2011, 2012, 2013, 2014, 2015, 2016, 2017, 2018, 2019],
            "production": [3145.5, 1927.1, 2908.9, 879.3, 1995.3, 1755.7, 2994.9, 4412.4, 3943.3109999999997, 3422.865, 3395.892000000001, 2631.301, 1814.868, 4664.824000000001, 3682.083, 1950.0, 3600.0],
            "yield": [2.2321175134828266, 1.4522230595327807, 2.212764338962422, 0.6526386105544422, 1.317899603698811, 1.1448226395409495, 1.6628171672866583, 2.4607662707043665, 2.362779363292267, 2.1501461755035733, 2.2111291832756232, 1.76283030863755, 1.3528526021384824, 3.207837182883188, 2.54499641621158, 1.3928571428571428, 2.4827586206896552]
        },
        "prediction": {
            "year": [2017, 2018, 2019],
            "production": [3310.451921407851, 2529.4623515070675, 3503.392026925024],
            "yield": [2.159842922734012, 1.7714808599987153, 2.2863039032853925]
        }
    }, {
        "name": "Canola",
        "data": {
            "year": [2003, 2004, 2005, 2006, 2007, 2008, 2009, 2010, 2011, 2012, 2013, 2014, 2015, 2016, 2017, 2018, 2019],
            "production": [384.126, 342.48800000000006, 272.562, 42.028999999999996, 220.487, 233.183, 331.43199999999996, 476.202, 688.553, 866.187, 710.049, 558.683, 287.379, 632.703, 937.959, 300.0, 620.0],
            "yield": [1.6052940611065372, 1.2051204458925946, 1.4272653009928369, 0.23540910516646504, 1.1268712020157108, 0.8190711365264918, 1.4337278516057583, 1.4721310259121176, 1.4424308063583573, 1.4701094197376436, 1.615940264404203, 1.1560593049362151, 1.0388419355538363, 1.9372412737293323, 1.7307879673608575, 1.0, 1.6103896103896105]
        },
        "prediction": {
            "year": [2017, 2018, 2019],
            "production": [747.9770537107293, 298.5734539004748, 535.8757309795268],
            "yield": [1.4540385216126297, 1.2214625854700054, 1.5307580589706244]
        }
    }, {
        "name": "Barley",
        "data": {
            "year": [2003, 2004, 2005, 2006, 2007, 2008, 2009, 2010, 2011, 2012, 2013, 2014, 2015, 2016, 2017, 2018, 2019],
            "production": [2274.511, 1305.077, 2003.56, 604.518, 1789.223, 1461.36, 1864.504, 1944.915, 2005.065, 1952.219, 2035.8139999999999, 1373.8329999999999, 1107.38, 3082.85, 2109.687, 1100.0, 2300.0],
            "yield": [2.609524344925937, 1.4119885359786992, 2.312322051170784, 0.6621444297183916, 1.6163919112784615, 1.2862431412864188, 1.9097419677316267, 2.4262518197683915, 2.4121111724645687, 2.2855880104385333, 2.216044934524911, 1.4996932568913497, 1.3113313676033491, 3.2583926453770418, 2.5005920526269003, 1.4285714285714286, 2.875]
        },
        "prediction": {
            "year": [2017, 2018, 2019],
            "production": [1964.0368779823707, 1585.7910190615005, 2217.568297596884],
            "yield": [2.1298039401374664, 1.8314588346784235, 2.338483167098995]
        }
    }]
}