{
    "name": "rfr2NSW",
    "r2_score": -0.47435702193673857,
    "rmse": 395.6761449008177,
    "mse": 312726.8608952425,
    "mae": 299.7309446293526,
    "median_absolute_error": 191.41420985936523,
    "data_by_crops": [{
        "name": "Wheat",
        "data": {
            "year": [2003, 2004, 2005, 2006, 2007, 2008, 2009, 2010, 2011, 2012, 2013, 2014, 2015, 2016, 2017, 2018, 2019],
            "production": [7288.2, 7537.4, 8049.0, 2567.7, 2477.1, 6963.3, 5349.8, 10488.4, 8472.914, 7364.882, 6595.626, 6653.67, 6897.526999999999, 9819.12, 4702.8420000000015, 1800.0, 2280.0],
            "yield": [1.8296430185268864, 1.77088081197284, 2.2647083649869164, 0.7140830969464375, 0.6179001721170395, 1.6110545555504143, 1.3432933259679607, 2.749469158780507, 2.1903150538963083, 2.1118256100162642, 2.0173898095850413, 2.1015755017547155, 2.351904583459637, 3.0227399992057675, 1.6835210577864843, 1.0, 1.2]
        },
        "prediction": {
            "year": [2016, 2017, 2018, 2019],
            "production": [8286.813026232529, 5944.340198560847, 3037.9272601904277, 2883.8140062985103],
            "yield": [2.1496143587331336, 1.6348496420933714, 1.718497311441492, 1.6257605075985797]
        }
    }, {
        "name": "Canola",
        "data": {
            "year": [2003, 2004, 2005, 2006, 2007, 2008, 2009, 2010, 2011, 2012, 2013, 2014, 2015, 2016, 2017, 2018, 2019],
            "production": [437.635, 468.332, 314.259, 54.428999999999995, 78.497, 227.542, 281.311, 805.2189999999997, 1091.8980000000001, 1494.713, 922.414, 1013.7080000000001, 936.52, 1248.228, 892.699, 152.0, 225.0],
            "yield": [1.19629604319005, 1.0788748033255546, 1.6167416065604134, 0.19245783388140444, 0.25299251629205155, 0.7589008474774124, 0.944567188234504, 1.682411566828942, 1.497397822536297, 1.4578156850123378, 1.3707734260642133, 1.4501140112208786, 1.6483907192216032, 1.5889840379555242, 1.0380076091961508, 0.8, 0.9]
        },
        "prediction": {
            "year": [2017, 2018, 2019],
            "production": [1275.1016592111318, 249.4192023284896, 227.0706237200759],
            "yield": [1.379216130550745, 1.3285754650920476, 1.069912927392742]
        }
    }, {
        "name": "Barley",
        "data": {
            "year": [2003, 2004, 2005, 2006, 2007, 2008, 2009, 2010, 2011, 2012, 2013, 2014, 2015, 2016, 2017, 2018, 2019],
            "production": [1955.1879999999999, 1760.7079999999999, 2336.404, 753.0139999999999, 814.3439999999997, 1449.399, 1236.248, 2193.564, 1425.036, 1286.325, 1485.537, 1868.86, 2527.655, 2832.124000000001, 1304.643, 630.0, 725.0],
            "yield": [2.0558593191396293, 1.7209186401217451, 2.118099914239039, 0.8350705360875731, 0.7763353953777031, 1.4827990485690168, 1.300317230585404, 2.4983217826574715, 2.1178411347180446, 2.078280988210432, 2.0769537279377217, 2.1180555949076725, 2.6161326046906384, 2.6809734006450343, 1.708833352980471, 1.05, 1.25]
        },
        "prediction": {
            "year": [2016, 2017, 2018, 2019],
            "production": [1946.9855055135806, 1152.9873996136666, 975.6507518495268, 834.452900914295],
            "yield": [2.0452225452256982, 1.4829332643446078, 1.6169091613589952, 1.4597982377695167]
        }
    }]
}