{
    "name": "rfr2QLD",
    "r2_score": 0.4684132213480003,
    "rmse": 51.91109379325642,
    "mse": 5330.715525203497,
    "mae": 25.852687395940745,
    "median_absolute_error": 10.402019671696543,
    "data_by_crops": [{
        "name": "Wheat",
        "data": {
            "year": [2003, 2004, 2005, 2006, 2007, 2008, 2009, 2010, 2011, 2012, 2013, 2014, 2015, 2016, 2017, 2018, 2019],
            "production": [1109.7, 1170.4, 1217.6, 776.7, 953.9, 2016.0, 1346.3, 1523.6, 1886.3029999999999, 1613.964, 1036.45, 986.855, 1315.912, 1501.6, 765.413, 400.0, 420.0],
            "yield": [1.4052171710776244, 1.6461322081575247, 1.5644353077219582, 1.2173981191222571, 1.4260726566003887, 1.9766643788606728, 1.3999168139752518, 1.6826062948647156, 1.9789142059229896, 1.863865493814115, 1.3674294648099161, 1.5577624907657046, 2.1533743636402307, 2.413383542511456, 1.1974752381533476, 1.0, 1.05]
        },
        "prediction": {
            "year": [2017, 2018, 2019],
            "production": [1078.7287615816604, 460.6279170400023, 430.5755619557158],
            "yield": [1.5929520216399056, 1.3382202007861788, 1.2456566634428954]
        }
    }, {
        "name": "Canola",
        "data": {
            "year": [2003, 2004, 2005, 2006, 2007, 2008, 2009, 2010, 2011, 2012, 2013, 2014, 2015, 2016, 2017, 2018, 2019],
            "production": [0.0, 0.266, 0.74, 0.6559999999999999, 0.282, 2.149, 1.159, 2.378, 1.4369999999999998, 0.652, 0.8959999999999999, 0.41600000000000004, 2.798, 0.027999999999999997, 0.25, 1.07, 0.9],
            "yield": [0.0, 0.9109589041095892, 0.8194905869324474, 0.3296482412060301, 0.12511091393078969, 0.7997767026423521, 0.4213013449654671, 1.320377568017768, 1.083710407239819, 0.9106145251396648, 0.3905841325196163, 0.4865497076023392, 1.3844631370608609, 2.0, 0.3731343283582089, 0.7425399028452465, 0.6]
        },
        "prediction": {
            "year": [2016, 2017, 2018, 2019],
            "production": [11.499894895873144, 1.5608247834127018, 2.3788035015079108, 2.491185948968242],
            "yield": [0.8706276884750157, 0.6574917590422422, 0.7166695740373127, 0.6241062656767371]
        }
    }, {
        "name": "Barley",
        "data": {
            "year": [2003, 2004, 2005, 2006, 2007, 2008, 2009, 2010, 2011, 2012, 2013, 2014, 2015, 2016, 2017, 2018, 2019],
            "production": [263.122, 177.77599999999995, 165.984, 78.96, 142.846, 173.03599999999997, 113.07700000000001, 146.178, 191.021, 170.208, 179.535, 253.19099999999997, 372.361, 435.727, 187.84, 94.5, 60.0],
            "yield": [1.7403514805971336, 1.8285573224167369, 1.2834244446334542, 0.9806868285412657, 1.264985875330978, 1.8835695469488165, 1.6497235312139824, 1.5555981227851738, 2.3883894522312104, 1.8984774970721097, 1.6975699697428135, 2.017827968472309, 2.7041663338150608, 2.9245189306736643, 1.7908284869863669, 1.35, 1.3333333333333333]
        },
        "prediction": {
            "year": [2017, 2018, 2019],
            "production": [217.35360615944282, 145.661455610239, 92.10293368357011],
            "yield": [1.7368793194935896, 1.8090712809322451, 2.5010556589214907]
        }
    }]
}