{"name": "rfrSA", "r2_score": 0.7321865882544828, "rmse": 0.11425003279602332, "mse": 0.02610613998778481, "mae": 0.07109374147608868, "median_absolute_error": 0.03776383780768994, "data_by_crops": [{"name": "Wheat", "data": {"year": [2003, 2004, 2005, 2006, 2007, 2008, 2009, 2010, 2011, 2012, 2013, 2014, 2015, 2016, 2017, 2018, 2019], "production": [3490.4, 2620.8, 3852.8, 1446.0, 2296.0, 2376.1, 4001.3, 5948.7, 4524.803, 3678.962, 4254.313, 4602.087, 3679.342, 6132.504, 4051.954, 2950.0, 3500.0], "yield": [1.781270732329676, 1.3241713823767178, 1.8933608531131751, 0.6655926352128884, 1.0826103357223689, 1.129378772755359, 1.8852713908782508, 2.5415278133811845, 2.0118587004561004, 1.7363922597356258, 2.2079108389340116, 2.250399386995363, 2.07907667966322, 2.815328783820076, 2.0507811985970315, 1.5945945945945943, 1.794871794871795]}, "prediction": {"year": [2016, 2017, 2018, 2019], "production": [6132.504, 4051.954, 2950.0, 3500.0], "yield": [2.188003642992685, 1.7792943071127618, 1.7247744077187308, 1.8366275954148896]}}, {"name": "Canola", "data": {"year": [2003, 2004, 2005, 2006, 2007, 2008, 2009, 2010, 2011, 2012, 2013, 2014, 2015, 2016, 2017, 2018, 2019], "production": [353.75, 241.77200000000002, 213.368, 84.15899999999998, 161.91299999999995, 204.125, 259.884, 358.971, 412.767, 414.98, 419.371, 324.495, 218.852, 381.524, 335.05199999999996, 260.0, 300.0], "yield": [1.431033297060263, 1.0530093510045688, 1.4469649190622478, 0.4755283082834218, 0.9361243286058708, 1.1080441426330332, 1.4397606714495446, 1.6591145436142043, 1.4577267815142074, 1.2353279135050177, 1.4104279333817633, 1.0278717500380117, 1.467141296113804, 1.7476729698035767, 1.4166444689676163, 1.3, 1.3636363636363635]}, "prediction": {"year": [2017, 2018, 2019], "production": [335.05199999999996, 260.0, 300.0], "yield": [1.369206169494117, 1.3076413299981997, 1.3667977677769434]}}, {"name": "Barley", "data": {"year": [2003, 2004, 2005, 2006, 2007, 2008, 2009, 2010, 2011, 2012, 2013, 2014, 2015, 2016, 2017, 2018, 2019], "production": [2691.091, 1979.211, 2547.798, 995.9630000000001, 1672.37, 1876.7520000000002, 2068.229, 2122.415, 1815.51, 1794.4360000000001, 1892.2839999999999, 1941.0420000000001, 1719.3670000000006, 3002.007, 1860.785, 1535.0, 1850.0], "yield": [2.2132921339905267, 1.5461728294758648, 2.178711243143955, 0.8347313087832753, 1.343981548451388, 1.5133485790222332, 2.0735954650635846, 2.668247774171081, 2.060246706233474, 2.0831840592715736, 2.334812730963089, 2.309538030997828, 2.234447329502185, 3.060848756494857, 2.123001113534926, 1.8719512195121952, 2.189349112426036]}, "prediction": {"year": [2017, 2018, 2019], "production": [1860.785, 1535.0, 1850.0], "yield": [2.07947350495543, 2.017692709106042, 2.0857320606687755]}}]}