{
  "name": "rfrWA",
  "r2_score": -2.3068939215951243,
  "rmse": 0.29097948381686084,
  "mse": 0.16933812000465356,
  "mae": 0.2309057256696563,
  "median_absolute_error": 0.17750878333158204,
  "data_by_crops": [{
    "name": "Wheat",
    "data": {
      "year": [2003, 2004, 2005, 2006, 2007, 2008, 2009, 2010, 2011, 2012, 2013, 2014, 2015, 2016, 2017, 2018, 2019],
      "production": [11070.0, 8618.9, 9088.1, 5134.3, 5820.2, 8274.0, 8114.1, 5004.6, 11045.107, 6744.055, 9976.940999999999, 8824.41, 8510.577, 9644.881, 7698.552, 10150.0, 6000.0],
      "yield": [2.25137278828554, 1.683938026297794, 1.9121972773370928, 1.2718107505573446, 1.3668216617350055, 1.821704572976068, 1.6209073293513656, 1.0786938247655995, 2.1422845240498933, 1.3737559350192672, 1.950567666055836, 1.7515234807172655, 1.8438079874586228, 2.0618527102848487, 1.897796514990236, 2.1595744680851063, 1.3636363636363635]
    },
    "prediction": {
      "year": [2016, 2017, 2018, 2019],
      "production": [9644.881, 7698.552, 10150.0, 6000.0],
      "yield": [1.8512814090997, 1.5300422748228422, 1.8524059562974433, 1.5012761896565852]
    }
  }, {
    "name": "Canola",
    "data": {
      "year": [2003, 2004, 2005, 2006, 2007, 2008, 2009, 2010, 2011, 2012, 2013, 2014, 2015, 2016, 2017, 2018, 2019],
      "production": [526.637, 488.286, 616.654, 391.608, 752.046, 1175.095, 1031.289, 714.8810000000003, 1231.854, 1364.204, 1776.636, 1640.898, 1327.849, 2047.8929999999998, 1723.59, 1464.0, 950.0],
      "yield": [1.4704287565056176, 1.1401199226666916, 1.410804083332189, 0.9537062518112988, 1.2636837488783814, 1.2779508762771679, 1.0507916938376265, 0.6766111942424526, 1.2712185537349567, 1.0336515402817563, 1.3588131772991172, 1.1746273315045896, 1.2141477094528674, 1.5176626477630717, 1.1260686803961255, 1.22, 1.0106382978723405]
    },
    "prediction": {
      "year": [2017, 2018, 2019],
      "production": [1723.59, 1464.0, 950.0],
      "yield": [1.324914716332651, 1.6156546956471352, 1.25060903331973]
    }
  }, {
    "name": "Barley",
    "data": {
      "year": [2003, 2004, 2005, 2006, 2007, 2008, 2009, 2010, 2011, 2012, 2013, 2014, 2015, 2016, 2017, 2018, 2019],
      "production": [3169.877, 2489.194, 2399.764, 1808.41, 2719.379000000001, 3007.447, 2553.729, 1548.5870000000002, 2761.114, 2251.68, 3555.662000000001, 3192.452, 3247.933, 4119.831, 3774.555, 4916.173, 3700.0],
      "yield": [2.480310888126596, 1.8952522643796483, 2.1256055249920505, 1.6698816296491923, 1.9692302678981999, 1.9293248430852288, 1.7987059775637977, 1.4064318961015372, 2.215425819998668, 1.853162881765068, 2.8266583353406425, 2.43985821478412, 2.346889404168272, 2.4324371717624973, 2.46529886863731, 3.3904641379310343, 2.2424242424242418]
    },
    "prediction": {
      "year": [2016, 2017, 2018, 2019],
      "production": [4119.831, 3774.555, 4916.173, 3700.0],
      "yield": [1.6731080274261716, 1.7680291783508997, 1.979759920675973, 1.8874066757610777]
    }
  }]
}
